{
  "episodes": [
    {
      "episodeId": "TV8eps1",
      "tvShowId": "TV8",
      "title": "Grey's Anatomy : Episode 1",
      "duration": 60
    },
    {
      "episodeId": "TV8eps2",
      "tvShowId": "TV8",
      "title": "Grey's Anatomy : Episode 2",
      "duration": 65
    },
    {
      "episodeId": "TV8eps3",
      "tvShowId": "TV8",
      "title": "Grey's Anatomy : Episode 3",
      "duration": 63
    },
    {
      "episodeId": "TV8eps4",
      "tvShowId": "TV8",
      "title": "Grey's Anatomy : Episode 4",
      "duration": 67
    },
    {
      "episodeId": "TV8eps5",
      "tvShowId": "TV8",
      "title": "Grey's Anatomy : Episode 5",
      "duration": 60
    },
    {
      "episodeId": "TV8eps6",
      "tvShowId": "TV8",
      "title": "Grey's Anatomy : Episode 6",
      "duration": 61
    },
    {
      "episodeId": "TV8eps7",
      "tvShowId": "TV8",
      "title": "Grey's Anatomy : Episode 7",
      "duration": 62
    },
    {
      "episodeId": "TV8eps8",
      "tvShowId": "TV8",
      "title": "Grey's Anatomy : Episode 8",
      "duration": 68
    },
    {
      "episodeId": "TV8eps9",
      "tvShowId": "TV8",
      "title": "Grey's Anatomy : Episode 9",
      "duration": 64
    }
  ]
}