{
  "episodes": [
    {
      "episodeId": "TV2eps1",
      "tvShowId": "TV2",
      "title": "The Falcon and the Winter Soldier : Episode 1",
      "duration": 60
    },
    {
      "episodeId": "TV2eps2",
      "tvShowId": "TV2",
      "title": "The Falcon and the Winter Soldier : Episode 2",
      "duration": 65
    },
    {
      "episodeId": "TV2eps3",
      "tvShowId": "TV2",
      "title": "The Falcon and the Winter Soldier : Episode 3",
      "duration": 63
    },
    {
      "episodeId": "TV2eps4",
      "tvShowId": "TV2",
      "title": "The Falcon and the Winter Soldier : Episode 4",
      "duration": 67
    },
    {
      "episodeId": "TV2eps5",
      "tvShowId": "TV2",
      "title": "The Falcon and the Winter Soldier : Episode 5",
      "duration": 60
    },
    {
      "episodeId": "TV2eps6",
      "tvShowId": "TV2",
      "title": "The Falcon and the Winter Soldier : Episode 6",
      "duration": 61
    }
  ]
}